sentence1,sentence2
"I'm always worried and can't focus.","Try grounding exercises to bring yourself to the present moment."
"I feel like I'm not doing enough in my career.","Career burnout is real — remember, rest is productive too."
"I can't sleep because my thoughts won't stop.","Deep breathing and mindfulness can help quiet a racing mind."
"I feel so alone even when I'm around people.","Loneliness isn't always about company — expressing your emotions can help."
"I keep overthinking every small thing.","Try journaling your thoughts to reduce mental clutter."
"Why do I cry for no reason sometimes?","Sudden tears can be your body's way of processing emotional overload."
"I'm scared of failing at everything.","Failure is a part of learning — it doesn’t define your worth."
"My chest feels tight when I’m anxious.","Panic often manifests physically — grounding can bring relief."
"I feel like no one understands me.","You’re not alone — many feel the same, and empathy helps bridge the gap."
"I'm always tired, even when I sleep.","Emotional exhaustion can feel like fatigue — listen to your inner needs."
"I can't control my anger lately.","Identify your triggers — self-awareness is the first step to emotional control."
"I don't feel motivated to do anything.","Low motivation can be a symptom of burnout — start with small steps."
"I feel like I'm just existing, not living.","When life feels numb, reconnecting with your values can help."
"I’m afraid of talking to people.","Social anxiety is common — exposure and self-kindness can ease it."
"I get overwhelmed in crowded places.","Sensory overload is valid — try controlled exposure and calm exits."
"I feel useless.","Your worth isn’t tied to productivity — you matter simply for existing."
"I can't stop checking my phone.","Doomscrolling can spike anxiety — create intentional breaks."
"I feel guilty when I take breaks.","Rest is not laziness — it’s essential for your well-being."
"I'm scared to ask for help.","Asking for help is a sign of strength, not weakness."
"I have trouble saying no to people.","Healthy boundaries protect your peace and energy."
"I cry when people criticize me.","Criticism can trigger old wounds — it’s okay to feel hurt."
"My thoughts feel like a storm.","Mindfulness can bring calm during mental chaos."
"I feel like I'm too sensitive.","Sensitivity is not a flaw — it's emotional depth and strength."
"I can’t get out of bed lately.","Lethargy may signal emotional overload — take one small action at a time."
"I feel like I'm not good enough.","You are enough as you are — perfection is not the goal."
"I'm scared of being a burden.","Your presence matters — you deserve support too."
"I keep comparing myself to others.","Comparison steals joy — focus on your unique growth."
"I'm scared of the future.","It's okay to not have all the answers — focus on what you can control today."
"I feel stuck in my routine.","Small changes can reignite purpose — even tiny habits matter."
"I'm afraid I'll never feel happy.","Emotions are waves — sadness isn’t permanent."
"I get irritated at everything.","Irritability often masks deeper stress — tune in to your needs."
"I overthink past conversations.","Rumination can trap you — try to replace it with present focus."
"I’m scared of disappointing people.","People-pleasing can drain you — prioritize your well-being."
"I get anxious before sleeping.","A calming bedtime routine can reduce sleep-related anxiety."
"I feel numb.","Numbness is your brain's way to protect — you are still healing."
"I'm scared of losing control.","Feeling out of control is valid — structure helps bring back clarity."
"I feel like no one cares.","You matter deeply — your pain is seen, even when silent."
"I get angry over little things.","Suppressed stress can surface unexpectedly — be gentle with yourself."
"I'm constantly on edge.","Your body might be in survival mode — grounding can bring safety."
"I’m tired of pretending I’m okay.","It's brave to admit you’re not — let yourself be real."
"I get jealous easily.","Jealousy points to unmet needs — explore what’s missing kindly."
"I'm scared to be vulnerable.","Vulnerability is not weakness — it’s the root of genuine connection."
"I feel like time is slipping away.","Anxiety about time often means you care deeply — refocus with intent."
"I overcommit and then burn out.","Overcommitting is a trauma response — practice saying no."
"I'm ashamed of my emotions.","Emotions aren’t shameful — they’re valid signals from within."
"I feel like giving up sometimes.","It’s okay to rest — your story isn’t over yet."
"I hate myself sometimes.","Self-compassion heals more than criticism ever could."
"I'm anxious for no reason.","Anxiety can be triggered subconsciously — your body is asking for care."
"I can't talk about my feelings.","Emotional expression is a skill — it improves with practice."
"I feel like I'm failing at being a good friend.","Relationships thrive on honesty, not perfection — be kind to yourself."
"I zone out during conversations.","Dissociation is a natural response to overwhelm — you're not broken."
"My mind races before important meetings.","Try box breathing to calm pre-performance anxiety."
"I feel disconnected from my family.","Family bonds can be repaired with patience and open communication."
"I can't enjoy things I used to love.","Loss of interest can signal burnout — gentle re-engagement helps."
"I feel invisible in social settings.","Your presence matters, even when others fail to acknowledge it."
"I get nervous even when nothing's wrong.","Anticipatory anxiety can be eased with grounding and presence."
"I'm overwhelmed by small decisions.","Decision fatigue is real — simplify and trust your instincts."
"I lash out at people I love.","Emotional safety allows vulnerability — apologize and reconnect."
"I worry too much about others’ opinions.","People’s judgments don’t define your truth — stay anchored in yours."
"I constantly replay mistakes.","Self-forgiveness is the beginning of healing."
"I feel like I talk too much about my problems.","Your voice matters — expressing pain is not a burden."
"I can’t concentrate on anything lately.","Mental fog often comes from emotional overload — take breaks."
"I get scared when I start feeling happy.","It’s okay to feel joy — happiness doesn't always lead to pain."
"I feel left out in group chats.","Digital exclusion can hurt — reach out directly if you need connection."
"I'm afraid of becoming like my parents.","You're allowed to rewrite your own story."
"I feel like I’m too broken to be loved.","You are not too much — healing makes space for deeper connection."
"I feel empty even after achieving goals.","True fulfillment often comes from inner alignment, not external wins."
"I’m always seeking validation.","Self-acceptance grows when you affirm yourself internally."
"I feel like I’m not healing fast enough.","Healing isn't linear — slow progress is still progress."
"I'm constantly bracing for something bad.","Hypervigilance is a trauma response — your safety matters."
"I can't forgive myself for my past.","Your past mistakes do not cancel your future growth."
"I'm terrified of confrontation.","Assertiveness can be learned — boundaries are a form of self-respect."
"I don't know who I am anymore.","Identity shifts during healing — you're rediscovering, not lost."
"I get nervous when plans change suddenly.","Routine provides safety — give yourself space to adjust."
"I feel like my voice trembles when I speak.","Nervousness shows you care — practice builds confidence."
"I bottle up everything until I explode.","Emotional regulation comes from regular expression, not suppression."
"I'm embarrassed to cry in front of others.","Tears are a human response — not a weakness."
"I keep avoiding responsibilities.","Avoidance often masks deeper emotional strain — start small."
"I fear rejection so much I isolate.","Connection grows with risk — you’re worthy of belonging."
"I doubt every compliment I get.","Imposter syndrome distorts truth — receive kind words openly."
"I'm exhausted from pretending to be strong.","It’s okay to not be okay — strength also means resting."
"I feel like my feelings annoy others.","Your emotions are valid — expressing them isn’t selfish."
"I can't enjoy time off without guilt.","Rest is productive — it's how you restore your capacity."
"I fear change even when it’s good.","Change can feel unsafe — your nervous system craves familiarity."
"I’m overwhelmed by constant bad news.","Set boundaries with media to protect your peace."
"I'm scared I’ll never find love.","Love often arrives when you’re aligned with yourself first."
"I’m always afraid I said the wrong thing.","Overthinking conversations is often tied to people-pleasing."
"I feel like my thoughts are too dark.","Dark thoughts don’t define you — they signal pain, not identity."
"I'm scared to open up in therapy.","Therapy is a space for gentle honesty — start where you are."
"I feel like my dreams are unrealistic.","Big dreams aren’t wrong — they’re a reflection of inner hope."
"I'm constantly seeking distractions.","Distraction often protects from pain — awareness is the first step."
"I feel guilty for being sad when others have it worse.","Your pain is valid even if others are struggling too."
"I get overwhelmed when I see a long to-do list.","Break big tasks into small wins — progress matters most."
"I'm scared of being seen as weak.","True strength is in vulnerability — masks are exhausting."
"I don't know how to relax.","Rest can be learned — start with mindful pauses."
"I criticize myself constantly.","Self-kindness can be more motivating than self-criticism."
"I want to feel more in control of my life.","Start with routines that reflect your values and goals."
"I’m afraid of losing my identity in relationships.","Healthy love supports individuality — not erasure."
"I feel stuck but don't know why.","Sometimes feeling stuck signals a need for emotional release, not logic."
"I can't explain what I'm feeling.","It’s okay to not have the words — emotions can be processed through reflection too."
"I avoid eye contact even with close friends.","Social discomfort doesn’t make you less worthy of connection."
"I forget to eat when I’m overwhelmed.","Emotional stress can suppress appetite — set gentle reminders to nourish yourself."
"I'm afraid I'm not interesting enough.","Your worth isn’t based on how entertaining you are — being present is enough."
"I panic when people don’t text back.","Fear of abandonment can stem from deeper insecurities — awareness helps."
"I feel emotionally numb watching the news.","Detachment can be a coping mechanism — it’s okay to take breaks."
"I can't relax even on vacation.","Anxious minds need permission to rest — not just space or time."
"I'm always second-guessing myself.","Self-doubt often follows high expectations — be patient with your process."
"I isolate myself even when I need company.","Withdrawing can feel safe — gently reach out when you're ready."
"I feel like I’m behind in life.","Your timeline is your own — progress isn't a race."
"I'm terrified of opening up to anyone.","Vulnerability can feel risky — but safe spaces do exist."
"I judge myself for not being productive.","Rest is not laziness — it’s part of a sustainable rhythm."
"I can’t stop apologizing to people.","Chronic apologizing can be rooted in people-pleasing — you’re allowed to take up space."
"I get nervous before talking to authority figures.","Past experiences can shape fear — you deserve respectful dialogue."
"I'm scared to try new things.","Growth often begins with discomfort — courage grows with action."
"I feel like I'm constantly chasing approval.","Approval from others won’t fill the gap only self-acceptance can."
"I can't remember the last time I felt peace.","Inner calm takes practice — start with small, soothing rituals."
"I avoid mirrors lately.","When self-image feels heavy, kindness toward your reflection helps healing."
"I'm afraid to speak in groups.","Fear of judgment is common — speaking gets easier with safe repetition."
"I feel like a burden when I ask for help.","Needing support is human — those who care want to help."
"I keep blaming myself for everything.","Not everything is your fault — compassion can break the guilt loop."
"I can't handle uncertainty.","Uncertainty is uncomfortable, not dangerous — focus on what you can control."
"I freeze in high-pressure situations.","Freezing is a nervous system response — try grounding through breath."
"I can’t forgive someone who hurt me.","Forgiveness is for your peace — not their validation."
"I'm scared of what people will think.","Fear of judgment fades when you start valuing your truth more."
"I'm emotionally drained after socializing.","That’s okay — being social can take energy, not just give it."
"I laugh to hide how I really feel.","Humor can be a shield — you deserve to feel safe expressing truth."
"I keep waking up with dread.","Morning anxiety is real — calming rituals can help start your day."
"I feel like I’m losing my grip.","When control slips, focus on grounding and one manageable step."
"I'm haunted by past choices.","You can’t change the past, but you can choose differently now."
"I don’t know how to set boundaries.","Boundaries are learned — they start by honoring your own discomfort."
"I feel like therapy isn’t helping.","Growth in therapy isn’t always obvious — it unfolds slowly."
"I'm scared of silence.","Stillness can be unsettling at first — then it becomes peace."
"I feel like I fake confidence.","Acting confident doesn’t mean you’re inauthentic — it’s part of growth."
"I'm uncomfortable receiving praise.","Receiving kindness takes practice — you are worthy of good things."
"I cry during commercials.","That sensitivity is a sign of your emotional depth, not weakness."
"I'm afraid I'll never change.","Change is always possible — especially when fueled by self-compassion."
"I feel pressure to be positive all the time.","Toxic positivity silences real emotions — it’s okay to feel what’s true."
"I can’t slow down my thoughts.","Rapid thoughts are common — meditation and mindful grounding can help."
"I don't trust my emotions.","Emotions are messengers — learning to listen builds trust over time."
"I get flashbacks of painful moments.","Your brain is trying to protect you — grounding can anchor you to now."
"I feel nothing even when I should be happy.","Anhedonia is a symptom — not a reflection of your character."
"I pretend everything is okay to avoid questions.","Pretending can be a survival tactic — healing begins with truth."
"I’m afraid people will see the real me.","Your authentic self deserves love — not fear."
"I'm tired of being the strong one.","Strength also means asking for help — you’re allowed to rest."
"I feel guilty for needing alone time.","Solitude isn’t selfish — it’s how some people recharge."
"I want to stop caring what others think.","Freedom begins when you prioritize your values over their opinions."
"I'm scared that nothing will ever get better.","Hopelessness is heavy, but change often begins when you least expect it."
"I feel like my emotions are too intense.","Emotional intensity is a strength — it's a reflection of depth, not dysfunction."
"I get nervous even in familiar situations.","Anxiety can arise without clear triggers — your feelings are still valid."
"I struggle to enjoy happy moments.","Happiness can feel unsafe if you've learned to expect pain — you're allowed to feel joy."
"I always assume the worst.","Catastrophic thinking is a defense — awareness is the first step to breaking the cycle."
"I can’t let go of past mistakes.","Mistakes are part of growth — you don’t need to carry guilt forever."
"I keep isolating myself from everyone.","Isolation can feel like protection — but connection is healing too."
"I'm scared to disappoint people.","You are not responsible for everyone’s expectations — your peace matters."
"I feel invisible in my relationship.","Being unseen can hurt deeply — expressing your needs is a brave step."
"I think I'm too broken to fix.","You’re not broken — you’re wounded, and wounds can heal."
"I feel like I cry too much.","Tears are a release — not a weakness or flaw."
"I get anxious when plans aren’t perfect.","Perfectionism is rooted in fear — flexibility brings peace."
"I struggle with accepting compliments.","Receiving love is hard when you doubt your worth — you deserve it."
"I fear people will abandon me.","Abandonment fear is real — but not everyone will leave."
"I often wake up already stressed.","Morning stress may reflect unprocessed emotion — a calm routine can help."
"I'm scared of showing weakness.","Real strength is shown through vulnerability, not armor."
"I always try to keep people happy.","People-pleasing often comes from fear — your needs matter too."
"I get scared when things go well.","Good things don’t mean bad things are coming — you deserve peace."
"I'm emotionally exhausted.","Emotional fatigue is valid — take rest as seriously as action."
"I can't focus even on things I love.","Mental fog often follows emotional overload — slow down."
"I overanalyze everything I say.","Hyper-self-awareness is common in anxiety — kindness softens the loop."
"I feel like I don't belong anywhere.","Belonging starts with being true to yourself — your tribe will follow."
"I’m scared of being alone forever.","Loneliness is real, but so is your capacity for connection."
"I always feel like I’m being judged.","Judgment fears often mirror inner criticism — healing starts within."
"I constantly feel like I'm failing.","Self-worth is not based on outcomes — you are already enough."
"I worry that my emotions push people away.","True connection holds space for your whole self."
"I'm tired of being the reliable one.","You deserve to be held too — not just to hold others."
"I don't recognize myself anymore.","You’re evolving — identity confusion often precedes growth."
"I can't sit still without feeling guilty.","Stillness is not waste — it’s where reflection and clarity are born."
"I replay old arguments in my head.","Mental replay is how we process unresolved emotion — offer yourself closure."
"I always expect rejection.","Fear of rejection is often rooted in early wounds — you are lovable as you are."
"I feel like everyone is moving ahead except me.","Life isn’t linear — trust your unique timing."
"I’m afraid to hope again.","Hope is not naive — it’s courageous and life-giving."
"I constantly compare my healing to others.","Healing is not a race — your pace is just right."
"I can't stop ruminating at night.","Nighttime anxiety is common — calming rituals can create safety."
"I'm scared of expressing needs.","Your needs are not burdens — they are valid parts of being human."
"I feel responsible for everyone's emotions.","You are not in charge of others’ feelings — set boundaries with care."
"I always brace for something bad.","Chronic fear is a sign your nervous system needs gentleness."
"I feel like a failure at adulting.","Adulthood doesn’t come with a manual — you're doing better than you think."
"I get overwhelmed just thinking about the day.","When the day feels heavy, start with just the next right thing."
"I'm ashamed of my past self.","Past you was surviving — you’ve grown, and that’s what matters."
"I avoid conflict at all costs.","Avoidance creates more tension — assertiveness builds trust."
"I'm scared that healing won't work for me.","Healing isn’t perfect — but progress is always possible."
"I feel like my voice doesn’t matter.","Your voice holds truth — it deserves to be heard."
"I'm afraid to slow down.","Stillness can feel unfamiliar — but it’s often where we reconnect."
"I feel like I take up too much space.","Taking space isn’t selfish — it’s your right to exist fully."
"I always try to fix everything.","You are not responsible for everyone’s healing — you deserve rest too."
"I’m exhausted from being strong all the time.","Letting yourself be soft is also a form of strength."
"I'm scared people will think I'm too emotional.","Emotional expression is human — not something to hide."
"I feel like I’m always behind.","There is no universal timeline — your pace is enough."
"I feel like I can’t breathe when I think about my future.","When anxiety rises, grounding techniques can help bring you back to the present."
"I'm tired of always pretending everything is okay.","Authenticity is healing — it's okay to be honest about your struggles."
"I feel like people don’t actually care about me.","It’s hard to see support when you're in pain — but you are cared for more than you know."
"I'm terrified of change but also unhappy where I am.","Fear and discomfort can coexist — growth begins at the edge of both."
"I get overwhelmed with choices and end up doing nothing.","Decision paralysis is real — simplify options and take small steps."
"I feel like everyone has it figured out except me.","Nobody has it all figured out — we’re all navigating life one step at a time."
"I can’t stop reliving painful memories.","Trauma can echo — gentle grounding helps return to now."
"I feel like my anxiety is ruining my life.","Anxiety is a part of you, not all of you — you can work with it, not against it."
"I hate that I always need reassurance.","Needing reassurance is human — self-validation grows with compassion."
"I always expect things to go wrong.","That’s your brain trying to protect you — but safety also includes hope."
"I get physically sick from stress.","Your body speaks what your mind holds — listen with kindness."
"I'm scared I'll never feel truly happy.","True joy takes time to grow — and it begins with presence."
"I avoid making eye contact with strangers.","Social anxiety is real — and practice gently expands your comfort zone."
"I feel like I talk too much and annoy people.","You deserve to be heard — your voice matters."
"I feel like I'm wasting my life.","Your journey doesn’t have to look like anyone else’s — it still has meaning."
"I panic when I hear loud noises.","Your body might be signaling a trauma response — it deserves care, not judgment."
"I'm ashamed of needing help.","Needing help means you’re human — not weak."
"I feel like I sabotage things that make me happy.","Self-protection can sometimes look like sabotage — healing can shift the pattern."
"I'm scared people will leave when they know the real me.","Authenticity attracts those who truly belong in your life."
"I feel exhausted no matter how much I rest.","Mental and emotional fatigue require different rest — prioritize both."
"I’m scared of letting people down.","Perfection isn’t required for connection — your effort is enough."
"I shut down when I get overwhelmed.","It’s okay to pause — awareness helps you come back to yourself."
"I'm afraid people are just pretending to like me.","Your inner critic lies — you are genuinely worthy of love and connection."
"I can't stop catastrophizing.","Your brain may be trying to prepare for danger — grounding helps return to reality."
"I feel like I'm always walking on eggshells.","Hypervigilance often comes from past trauma — you deserve safe space."
"I don’t know how to ask for what I need.","Needs are not burdens — learning to express them builds healthier bonds."
"I always apologize, even when it’s not my fault.","Chronic apologizing often stems from low self-worth — you have the right to hold space."
"I get nervous doing everyday things.","Anxiety doesn’t always make sense — and it doesn’t need to be justified to be real."
"I feel like I'm being too emotional all the time.","Emotions are messages, not weaknesses — they guide, not define you."
"I stay silent to avoid conflict.","Silence may feel safe, but honest expression leads to deeper peace."
"I'm afraid I’ll mess everything up.","Mistakes are how we learn — not proof that you’re failing."
"I feel stuck in survival mode.","Long-term stress rewires how you live — healing helps you shift back into thriving."
"I'm afraid to trust people again.","Broken trust takes time — it’s okay to move slowly toward connection."
"I numb myself with distractions.","Avoiding pain is a temporary fix — awareness leads to long-term relief."
"I'm scared that I'm too much for people.","You’re not too much — you’re just enough for the right ones."
"I feel paralyzed by fear.","Fear freezes — but courage begins with one small action."
"I'm ashamed of how much I care.","Caring deeply is a gift — not something to hide."
"I feel like I’m always running out of time.","Time anxiety can be softened by presence — focus on the now."
"I isolate when I’m hurting.","Withdrawing is a self-protection — connection is still possible when you’re ready."
"I can’t shake the feeling that I’m being judged.","Judgment anxiety reflects internal fear — you are not your assumptions."
"I’m tired of pretending I don’t care.","Suppressing feelings doesn't make them disappear — truth is liberating."
"I feel like my past defines me.","Your past shaped you, but it doesn’t control your future."
"I fear being vulnerable will make me weak.","Vulnerability is how strength truly shows up."
"I avoid success because I don’t feel I deserve it.","You are worthy of the joy and recognition you fear."
"I can’t express anger without guilt.","Anger is a valid emotion — how you express it matters more than whether you feel it."
"I feel like a fraud in my own life.","Imposter feelings are common — they don’t make you any less capable."
"I'm scared of asking too much from people.","Your needs aren’t too big — you are allowed to receive."
"I get anxious about being anxious.","Meta-anxiety is real — name it gently and breathe through the loop."
"I freeze when someone asks me how I feel.","Emotional expression takes practice — it’s okay to not have the words right away."
"I don’t know how to comfort myself.","Self-soothing is a skill — start with small, nurturing actions."
"I feel like I’m grieving something I can’t name.","Unseen losses are still valid — honor your unspoken grief."
"I feel anxious even when nothing is wrong.","Sometimes anxiety doesn’t need a reason — your body may just need reassurance."
"I find it hard to celebrate my wins.","Even small victories deserve recognition — celebrate your progress."
"I constantly feel like I'm on the verge of a breakdown.","This may be your body’s way of asking for rest — listen with care."
"I feel like I'm drifting through life without direction.","Lack of clarity doesn’t mean failure — exploration is part of growth."
"I struggle to stay present during conversations.","Practicing presence takes patience — it gets easier with awareness."
"I'm scared of being truly seen.","Being seen is vulnerable — but it’s also the path to real connection."
"I feel like no one checks in on me.","Your need for care is valid — you deserve to be asked how you're doing too."
"I can't stop scrolling through social media, even when it makes me feel worse.","Social media can amplify insecurities — intentional breaks can offer clarity."
"I often pretend to be fine to keep others comfortable.","Your truth matters — you don’t have to hide your pain for others’ ease."
"I'm afraid of being left behind in life.","Comparison can cloud your path — your pace is still valid."
"I feel like I can't breathe when I think about responsibilities.","Overwhelm thrives in silence — break tasks down and seek support."
"I smile so people won’t ask questions.","You’re allowed to be honest — even when it’s uncomfortable."
"I'm afraid to be my authentic self.","Your authenticity is your power — not everyone has earned access to it, but it’s still yours to own."
"I fear I'll never feel excited about life again.","Joy can return slowly — give yourself space to rediscover it."
"I feel like a failure every time I rest.","Rest is not the opposite of progress — it’s part of it."
"I get stressed when plans change unexpectedly.","It’s okay to crave structure — grounding can ease the transitions."
"I feel like I'm too emotional to be taken seriously.","Your emotions don’t lessen your intelligence — they deepen your insight."
"I'm tired of pretending to be okay for others.","Your realness is more healing than your performance."
"I feel invisible when I speak up.","Being unheard doesn’t mean your words lack value — keep using your voice."
"I overcommit to avoid disappointing others.","Boundaries honor both you and your relationships — they build trust, not resentment."
"I worry that my trauma makes me unlovable.","Your past doesn’t erase your worth — healing makes love even deeper."
"I feel exhausted by everyday conversations.","Social exhaustion is real — honor your capacity without guilt."
"I question my decisions even after making them.","Self-trust grows when you allow yourself to learn from both wins and mistakes."
"I'm scared my sadness will never end.","Emotions ebb and flow — sadness doesn’t last forever."
"I feel overwhelmed by the pressure to succeed.","Success isn’t one moment — it’s the ongoing act of trying."
"I get anxious when I have too much free time.","Stillness can feel unfamiliar — but it’s a space where healing begins."
"I avoid eye contact because I feel exposed.","Your gaze holds strength — you’re allowed to reclaim that power."
"I struggle with asking for space without guilt.","Needing space is healthy — it nurtures your well-being."
"I panic when I feel like I’m being ignored.","That fear may come from old wounds — your presence still holds value."
"I feel like I don’t deserve the love I receive.","Receiving love is an act of healing — you don’t have to earn it."
"I stay quiet even when I have something to say.","Silencing yourself doesn’t protect you — it only prolongs the ache."
"I worry I’m being too dramatic when I express pain.","Your experience is real — it doesn’t need to be minimized to be valid."
"I feel shame around my coping mechanisms.","Coping is how you survived — healing transforms them, not shames them."
"I fear my emotions are too intense for others.","The right people won’t be overwhelmed by your truth — they’ll honor it."
"I hesitate to make decisions because I fear regret.","Perfection isn’t the goal — growth often comes from choices, not certainty."
"I overexplain myself to feel understood.","You are allowed to take up space without constant justification."
"I’m scared people think I’m too sensitive.","Sensitivity is a gift — it allows you to feel deeply and love fiercely."
"I feel like I always have to prove my worth.","You are inherently worthy — not because of what you do, but because of who you are."
"I get overwhelmed by expectations I set for myself.","Perfectionism steals peace — grace restores it."
"I second-guess myself in every interaction.","Confidence grows in small acts — trust builds with practice."
"I'm afraid of trusting my own intuition.","Your intuition is a quiet guide — it becomes clearer the more you listen."
"I feel like I should be further along by now.","Life doesn’t follow a single timeline — your path is still valid."
"I fear my pain is too much for others.","Your pain doesn’t make you unlovable — it makes you human."
"I avoid vulnerability because I don’t want to get hurt again.","Vulnerability carries risk — but also the possibility of healing connection."
"I feel ashamed of not having it all together.","No one has it all together — it’s okay to show the cracks."
"I'm scared of being dependent on others.","Dependence isn’t weakness — interdependence builds stronger bonds."
"I often pretend I’m not hurt so I don’t seem needy.","Needing support doesn’t make you needy — it makes you alive."
"I feel like I sabotage opportunities for happiness.","Self-sabotage often hides a deeper belief — you are worthy of joy."
"I struggle to believe good things can last.","It’s okay to fear loss — but you still deserve to experience joy fully."
"I constantly fear I’m doing something wrong.","Anxiety often masks itself as guilt — pause and reflect before assuming fault."
"I feel like I’m being watched even when I’m alone.","Hypervigilance is common after trauma — grounding can help you feel safe."
"I can't let people get close to me.","Distance may feel safer, but connection starts with tiny steps of trust."
"I'm scared my emotions will push people away.","People who truly care will stay through your storms."
"I feel stuck between who I was and who I’m becoming.","Growth feels messy — transformation isn’t meant to be linear."
"I’m tired of being strong for everyone.","Your vulnerability deserves care too — you don’t have to carry it all alone."
"I fear I’ll never feel peace.","Peace can come quietly — it often starts with a single breath."
"I feel like my accomplishments don’t matter.","Imposter syndrome dims your light — your progress is real."
"I'm constantly waiting for things to fall apart.","Anticipating disaster is exhausting — presence brings peace."
"I freeze when I need to make important decisions.","Decision paralysis is real — start with what feels kindest."
"I avoid talking about my childhood.","Your story is sacred — you can share it at your pace."
"I feel like I’m behind in healing.","There’s no deadline for healing — your timeline is valid."
"I feel like I'm disappointing everyone.","You can’t please everyone — prioritize your own peace first."
"I'm scared of being misunderstood.","Being misunderstood doesn’t mean your truth isn’t valid."
"I struggle to feel proud of myself.","Your progress is worthy of pride — even if it's invisible to others."
"I feel like I’m always on edge.","Chronic stress can make calm feel unsafe — but safety can be relearned."
"I get overwhelmed when too many people talk at once.","Sensory sensitivity is valid — seek quieter spaces when needed."
"I’m afraid of being too needy.","Needing connection isn’t weakness — it's part of being human."
"I feel like I always say the wrong thing.","Everyone stumbles with words — intent matters more than perfection."
"I dread waking up every day.","Morning dread can be softened with slow, gentle rituals."
"I worry that I’ll never be okay.","Even deep pain can heal — hope lives quietly in small changes."
"I feel like my opinions don’t matter.","Your voice matters — silence doesn't mean absence of value."
"I overthink how others perceive me.","You don’t need to shrink yourself to be accepted."
"I panic when I feel like I’m being ignored.","Your need for reassurance is valid — you’re allowed to ask for clarity."
"I feel like my life has no purpose.","Purpose doesn’t have to be grand — it can live in small acts of meaning."
"I don’t know how to say what I need.","Needs are allowed — practice builds confidence."
"I avoid mirrors because I don’t like what I see.","Self-image can heal — speak kindly to your reflection."
"I fear I’ll always feel disconnected.","Connection returns slowly — give it room to rebuild."
"I feel judged even in safe spaces.","Internalized judgment can distort safety — practice reminding yourself you belong."
"I get nervous opening up to friends.","Friendship deepens with shared vulnerability — go at your own pace."
"I feel like nothing I do is enough.","You are enough before you achieve anything — your worth is not conditional."
"I feel like my body holds all my pain.","Somatic healing can help release what's stored inside — your body remembers, but it can also let go."
"I get angry at myself for being anxious.","Anxiety isn’t a flaw — it’s your system trying to protect you."
"I’m afraid of being alone with my thoughts.","Your mind may be loud now — but with care, it can become a gentler place."
"I struggle to ask for reassurance.","Reassurance isn’t weakness — it’s communication."
"I feel like everything I do is meaningless.","Meaning can be rediscovered — even in the smallest moments."
"I'm scared I won't ever trust anyone again.","Broken trust heals slowly — you get to choose who feels safe again."
"I avoid joy because I fear losing it.","You deserve to fully feel happiness — even if it’s fleeting."
"I feel like I’m too flawed for love.","Flaws don’t erase your worthiness — they make you real."
"I get overwhelmed just thinking about change.","Change is hard — start with what you can control."
"I’m scared I’ll repeat my parents’ mistakes.","Awareness gives you power — you are not destined to repeat cycles."
"I feel emotionally fragile.","Fragility is not weakness — it’s sensitivity that needs honoring."
"I keep myself busy so I don't have to feel.","Stillness can be scary — but it’s where healing begins."
"I'm ashamed of needing emotional support.","Everyone needs support — it’s not a sign of weakness, but of courage."
"I can’t seem to relax around others.","Social anxiety takes time to ease — you’re not broken."
"I’m afraid to express anger.","Anger is a signal — it's okay to listen to it without fear."
"I feel like everything I say is annoying.","Self-doubt distorts truth — your words have worth."
"I feel like I don’t matter.","You do — even when it’s hard to see, your presence makes a difference."
"I’m scared I’ll be alone forever.","Loneliness now doesn’t predict your future — connection is still possible."
"I'm tired of pretending everything is fine.","You don’t have to wear a mask — authenticity is healing."
"I feel like I'm fading into the background.","Your presence matters even when you feel invisible."
"I get nervous in situations that used to feel easy.","Anxiety can change our tolerance — be gentle with yourself."
"I'm scared of expressing what I really need.","Expressing needs is a strength, not a burden."
"I feel unworthy of love when I struggle.","Love is not conditional — you are worthy even on hard days."
"I keep doubting my own feelings.","Your emotions are valid — even when they confuse you."
"I'm scared that I'll never feel normal again.","Healing brings new definitions of normal — trust your pace."
"I feel overwhelmed by silence.","Silence can feel loud when your thoughts are heavy — it’s okay to take space."
"I get anxious when people look at me.","Social anxiety often makes neutral moments feel threatening — you're not alone."
"I worry that I'm too broken to be helped.","Everyone is capable of healing — you are not the exception."
"I avoid sharing my wins with others.","You deserve to celebrate yourself — joy isn’t arrogance."
"I feel like I disappoint everyone around me.","Your worth is not measured by perfection — just showing up matters."
"I’m afraid I’m too much for people.","You are not too much — you are exactly enough for the right people."
"I hesitate before every text I send.","Overthinking communication is common — your voice still deserves to be heard."
"I'm scared my feelings make me weak.","Feeling deeply is not weakness — it’s a sign of strength."
"I get emotional over small things lately.","Your emotions are asking to be seen — let them speak."
"I feel like I can't control anything in my life.","When everything feels out of control, start by grounding yourself in the present."
"I feel stuck but don't know what I want.","Confusion is part of growth — clarity comes with exploration."
"I'm scared to be honest with myself.","Honesty with yourself is the beginning of real healing."
"I often feel like my achievements are meaningless.","External success can't replace inner alignment — reconnect with your 'why'."
"I hide my pain with humor.","Using humor to cope is okay — but your pain deserves acknowledgment too."
"I feel like I ruin every good thing.","Self-sabotage often hides fear — you deserve stability and joy."
"I worry that I’m too quiet for people to notice.","Quiet people still hold great depth — your voice has power, even if it's soft."
"I feel like I’ve lost touch with who I am.","Identity can shift with time — rediscovery is part of healing."
"I panic when people raise their voice.","Loudness can trigger old wounds — your need for safety is valid."
"I get nervous when people are kind to me.","Receiving kindness can feel foreign — you still deserve it."
"I’m afraid to ask for what I want.","Your needs matter — asking is the first step toward getting them met."
"I get scared when people show interest in me.","Intimacy can feel risky — it’s okay to go slow."
"I can’t tell if I’m sad or just tired.","Fatigue and sadness often overlap — check in with your body and heart."
"I always feel like I’m behind schedule.","You are not late for your life — timing is personal."
"I worry I talk about myself too much.","Sharing isn’t selfish — it’s how connection is built."
"I’m scared I’ll be judged for being honest.","Honesty might feel risky, but it brings real connection."
"I feel tension in my body all the time.","Chronic tension is your body’s cry for care — movement and rest help."
"I have trouble relaxing around people.","Social relaxation is learned — your comfort will grow over time."
"I hesitate to say what I really think.","Your perspective is worthy — even when it challenges others."
"I feel exhausted even when I haven’t done much.","Mental fatigue can be heavier than physical — honor your energy."
"I’m afraid people will see the real me and leave.","The right people stay — even when you're vulnerable."
"I don't know how to slow down.","Slowing down is uncomfortable at first — but it creates space for healing."
"I feel like I’m not trying hard enough.","Effort looks different every day — survival itself is hard work."
"I keep replaying things I should’ve said.","Ruminating on the past won’t change it — self-compassion will."
"I'm afraid to feel happy in case it disappears.","Joy doesn’t require a guarantee — it’s okay to feel it anyway."
"I often distract myself from my emotions.","Distraction is a survival tool — awareness is your next step."
"I feel pressure to fix everything for everyone.","You are not responsible for solving others’ pain — your care is enough."
"I’m worried I’m always the problem.","Self-blame often covers fear — you deserve fairness and truth."
"I feel like I have to earn love.","Love doesn’t have prerequisites — you’re worthy just as you are."
"I worry that rest makes me lazy.","Rest is necessary, not indulgent — you don’t have to earn it."
"I fear people will think I’m dramatic.","Your emotions are valid — expression isn’t exaggeration."
"I’m tired of being emotionally available for everyone else.","You deserve to receive support too — not just give it."
"I feel like I’m being punished for being sensitive.","Sensitivity is a gift — not something to be corrected."
"I get anxious when I can’t predict the outcome.","Uncertainty is part of life — not a sign of failure."
"I feel trapped in my own expectations.","High self-expectations can create pressure — be kind to your evolving self."
"I'm scared of expressing joy when others are suffering.","You’re allowed to feel joy without guilt — emotions can coexist."
"I feel like I'm always in survival mode.","Chronic stress can trick the body into fight-or-flight — healing brings regulation."
"I don't know how to start healing.","Healing often begins with curiosity, not answers — one step is enough."
"I worry that people won’t like the real me.","True connection starts with authenticity, not perfection."
"I feel like I'm always being tested.","Life’s challenges aren’t exams — they’re invitations to grow."
"I overcompensate to feel worthy.","You don’t have to prove your worth — you already have it."
"I'm scared to rest because I’ll fall behind.","Rest restores your pace — it doesn’t pause your progress."
"I don't feel safe anywhere.","Safety begins inside — grounding practices can help rebuild trust in your environment."
"I fear opening up will make things worse.","Speaking your truth can be painful — but it also brings clarity and relief."
"I feel like I'm disappearing into routine.","Monotony can dull purpose — even small changes rekindle presence."
"I’m afraid of slowing down.","Slowing down isn’t failure — it’s often where self-awareness starts."
"I feel like I’m always on edge for no reason.","Hyperarousal can be a trauma response — it’s okay to seek safety again."
"I hide behind humor so people don’t see I’m hurting.","Humor can be armor — but vulnerability invites true connection."
"I dread being alone with my thoughts.","Alone time reveals truths — and truth is the root of healing."
"I always say yes even when I want to say no.","Boundaries are acts of self-respect — start with small, firm 'no’s."
"I feel drained by everyone’s needs.","Compassion fatigue is real — your energy deserves protection."
"I fear not being perfect will make me unlovable.","Love doesn’t require perfection — only presence and honesty."
"I feel numb when I should care.","Numbness protects from overload — it’s not a lack of empathy."
"I’m constantly trying to earn approval.","External validation fades — self-worth must come from within."
"I feel like I’m too broken to help anyone.","Your healing journey makes you a lighthouse — not a liability."
"I struggle to accept my own needs.","Needs don’t make you weak — they make you human."
"I'm overwhelmed by everything and nothing at once.","Emotional dysregulation can distort clarity — pause and reset."
"I avoid people even when I’m lonely.","Longing for connection and fearing it can coexist — it’s okay to move slowly."
"I panic when I’m asked to make decisions.","Indecision can be a symptom of fear — small choices build confidence."
"I fear that my best will never be enough.","You are not here to meet impossible standards — just to be you."
"I feel exhausted but can't sleep.","Your mind may be racing — calming rituals can ease restlessness."
"I can't tell if I'm anxious or just tired.","Anxiety and fatigue often overlap — listen to your body’s signals."
"I fear people are judging me even when they’re not.","Social anxiety creates false alarms — grounding restores perspective."
"I’m tired of needing reassurance.","The desire to be seen is not weakness — it’s deeply human."
"I always feel like I’m in trouble.","This can come from past criticism — self-trust begins with self-compassion."
"I'm afraid of trusting myself.","Self-trust grows with tiny acts of courage and follow-through."
"I constantly need things to be under control.","Control often masks fear — acceptance nurtures peace."
"I don’t know how to be kind to myself.","Self-kindness is a practice — start with one gentle word per day."
"I feel overstimulated by the world.","Sensory overload is real — creating a calm environment helps."
"I get anxious when people praise me.","Compliments can feel unsafe if you’ve learned to distrust them — receive them slowly."
"I’m scared I’m too far behind to catch up.","Comparison distorts progress — your path is your own."
"I feel like every day is just about surviving.","Survival is valid — but you deserve to thrive too."
"I struggle with feeling ‘too much’.","Intensity isn’t excess — it’s depth and richness."
"I'm afraid I’ll never be at peace with myself.","Self-acceptance is built one moment at a time — peace is possible."
"I avoid joy because it feels fleeting.","Joy doesn’t need permanence to be real — it matters even when brief."
"I question every decision I make.","Chronic self-doubt can be healed through self-trust exercises."
"I feel selfish when I choose myself.","Choosing yourself isn’t selfish — it’s necessary for balance."
"I’m scared I’ll never feel whole.","Wholeness doesn’t mean perfection — it means embracing every part of you."
"I freeze when I get overwhelmed.","Freezing is a nervous system response — not a failure."
"I feel disconnected from who I was.","Growth changes us — and rediscovery is part of that process."
"I panic when people depend on me.","Responsibility can feel heavy — boundaries help you carry only what’s yours."
"I'm scared I’ll never feel safe.","Safety isn’t a destination — it’s a feeling you can cultivate slowly."
"I feel like my identity is always shifting.","Evolving identity is natural — you’re not lost, just becoming."
"I feel like I'm walking through life with no direction.","Sometimes drifting means you're in transition — clarity will come with stillness."
"I'm scared of being judged for needing rest.","Rest is not a flaw — it’s a fundamental part of your well-being."
"I feel like I'm constantly bracing for conflict.","Living in defense mode is exhausting — you deserve to feel safe again."
"I'm anxious about how quickly life is moving.","It's okay to pause — your pace doesn't need to match anyone else’s."
"I struggle to accept moments of peace.","Peace can feel unfamiliar after chaos — give yourself time to trust it."
"I can't remember the last time I felt like myself.","Rediscovery takes time — you’re allowed to evolve into someone new."
"I get emotional when others don’t notice I’m struggling.","Being unseen can hurt — your pain is still valid, even if it’s invisible."
"I'm afraid people are only nice because they pity me.","Kindness doesn’t always have strings — sometimes it’s just care."
"I feel uncomfortable when things are going well.","Calm isn’t a trap — it's a space you’re allowed to occupy."
"I feel disconnected from my future.","Uncertainty doesn’t mean failure — your path will reveal itself gradually."
"I question if my needs are too much.","Your needs are not too much — they’re a reflection of your humanity."
"I'm scared of outgrowing people.","Growth may change connections — but it also makes room for aligned ones."
"I feel like everything is happening too fast.","It’s okay to slow down and process at your own rhythm."
"I’m constantly trying to fix how I feel.","You don’t need fixing — you need understanding and space."
"I worry I’ll lose myself trying to please others.","You can care for others without abandoning yourself."
"I feel nervous just thinking about tomorrow.","Anticipatory anxiety is real — focus on what’s here now."
"I'm ashamed of how little I’ve accomplished.","Your worth isn’t measured in milestones — presence matters too."
"I avoid feeling happy because it feels fragile.","Joy doesn’t need to be permanent to be meaningful."
"I feel like I'm constantly letting people down.","You are not responsible for everyone's expectations."
"I get anxious when I’m not being productive.","Stillness is productive too — it's where insight grows."
"I’m afraid people only like the version of me that performs.","You don’t have to perform to be loved — authenticity invites deeper connection."
"I often feel like I’m in the wrong place.","Misalignment is a signal, not a life sentence — trust your inner compass."
"I find it hard to relax, even when I’m tired.","Chronic stress can make rest feel unsafe — practice softening slowly."
"I'm scared that nothing I do will matter.","Even small efforts ripple — your impact is real."
"I feel like my emotions take up too much space.","Your feelings are not too loud — they’re part of your truth."
"I don’t know how to sit with discomfort.","Discomfort is part of healing — it won’t last forever."
"I fear people will walk away if I’m honest.","The right ones stay through your honesty, not despite it."
"I feel invisible, even to myself.","Self-recognition starts with listening inward — you’re still here."
"I'm exhausted by constant self-monitoring.","You don’t have to over-manage yourself to be safe."
"I avoid silence because it feels heavy.","Stillness can feel intense — but it holds clarity if you stay with it."
"I get nervous when I don’t have control over plans.","Uncertainty is uncomfortable, but not unmanageable — flexibility is a skill."
"I’m tired of second-guessing my every move.","You don’t need to prove your right to exist — trust can be relearned."
"I often don’t recognize my own voice.","Reclaiming your voice is part of reclaiming yourself."
"I'm afraid to feel excitement because it might disappear.","Excitement is not a trick — it’s a sign you’re alive to the moment."
"I feel the need to explain everything I do.","Overexplaining is a sign of past invalidation — you don’t owe everyone a reason."
"I worry I’ll never feel deeply connected again.","Connection often returns when you reconnect with yourself first."
"I feel like I'm chasing something I can’t name.","Ambiguity isn’t failure — it may be the start of transformation."
"I panic when I feel out of sync with others.","You don’t need to match others to belong — your rhythm is valid."
"I avoid setting goals because I’m scared I’ll fail.","Fear of failure can’t stop your growth — action brings clarity."
"I feel unsafe even in calm moments.","Your nervous system may be healing — peace will feel safer with time."
"I'm always waiting for something to go wrong.","That’s hypervigilance — not truth. You deserve rest from that guard."
"I freeze when emotions rise.","Freezing is a protective response — it doesn’t mean you’re broken."
"I can’t tell if I’m feeling too little or too much.","Confusion in emotion is okay — naming them gently helps you understand them."
"I fear I’ll never make peace with my past.","Peace doesn’t erase the past — it helps you live beyond it."
"I get uncomfortable when others express emotion.","Sometimes we struggle with what we weren’t allowed to feel — that can change."
"I feel like I’m always trying to catch up.","You are not behind — your life unfolds at the right pace for you."
"I'm scared I’m hard to love.","Love isn’t only for the easy parts — it holds space for your wholeness."
"I struggle to celebrate myself.","Self-celebration is a practice — not arrogance."
"I fear being honest will hurt others.","Honesty, when kind, builds deeper safety — not harm."

